record_id,true_label,predicted_label,class_1_probability
50,0,0,0.034625471087279425
231,0,0,0.07445315659869524
297,0,0,0.00678955126115885
97,0,0,0.11201518383771564
285,0,0,0.04031119346555566
116,0,1,0.7525505336558473
38,1,1,0.9681501047063813
76,0,0,0.022916377942871817
51,1,1,0.9439624721633625
100,0,0,0.09543123975445202
44,1,1,0.7584298503805689
193,0,0,0.11382584798575729
137,0,0,0.16798758274540737
84,1,1,0.5000341897574759
46,1,1,0.9960557289961476
270,1,1,0.9381777956799765
71,1,1,0.7144553477193524
177,0,0,0.47484154891570335
149,1,0,0.1772819649901066
296,1,1,0.6174137907171784
200,0,0,0.1039341010880828
194,0,0,0.2672706112091442
290,1,1,0.6340945783909898
168,0,0,0.342223428443378
153,1,0,0.36637740833441956
8,0,0,0.33894887576125
189,0,0,0.26193092242761307
219,1,1,0.7788772955478864
103,0,0,0.05603804951236762
235,1,1,0.6410697254799905
105,0,0,0.02158975470336096
196,1,1,0.8324178853008279
300,1,1,0.6647560203472399
252,0,0,0.49311672689091207
291,0,0,0.0572624744448844
14,1,0,0.4882076432518205
140,0,0,0.28526491407885346
174,1,1,0.7938893659466498
165,1,1,0.7196959966500263
131,1,0,0.23363185230735936
253,0,0,0.4935328123897991
248,1,0,0.25424211518340745
212,1,1,0.7654107745826172
217,1,1,0.994338918800807
240,0,0,0.26664408571619364
169,0,0,0.0040946692836657415
204,1,1,0.8732994364529046
53,0,1,0.5139776523318975
261,1,1,0.9983608129516992
232,0,0,0.2101964307168683
299,0,0,0.15508801082330645
108,1,1,0.7246292043031789
39,0,0,0.0058984375651079295
109,0,1,0.6095135189095698
4,1,0,0.19613002537156135
262,1,1,0.9298440025297938
158,1,1,0.9611606263093643
207,0,0,0.004169091776434601
110,0,0,0.2539098924759042
269,1,1,0.6020240439793945
